use feriasdb;

INSERT INTO Estado(idEstado,descripcion) VALUES (1,'Creada');
INSERT INTO Estado(idEstado,descripcion) VALUES (2,'Iniciada');
INSERT INTO Estado(idEstado,descripcion) VALUES (3,'Finalizada');

INSERT INTO Distrito(idDistrito,nombre) VALUES (1,'Ate');
INSERT INTO Distrito(idDistrito,nombre) VALUES (2,'Barranco');
INSERT INTO Distrito(idDistrito,nombre) VALUES (3,'Bellavista');
INSERT INTO Distrito(idDistrito,nombre) VALUES (4,'Breña');
INSERT INTO Distrito(idDistrito,nombre) VALUES (5,'Carmen de la Legua');
INSERT INTO Distrito(idDistrito,nombre) VALUES (6,'Cercado Callao');
INSERT INTO Distrito(idDistrito,nombre) VALUES (7,'Cercado de Lima');
INSERT INTO Distrito(idDistrito,nombre) VALUES (8,'Chorrillos');
INSERT INTO Distrito(idDistrito,nombre) VALUES (9,'Comas');
INSERT INTO Distrito(idDistrito,nombre) VALUES (10,'El Agustino');
INSERT INTO Distrito(idDistrito,nombre) VALUES (11,'Independencia');
INSERT INTO Distrito(idDistrito,nombre) VALUES (12,'Jesús María');
INSERT INTO Distrito(idDistrito,nombre) VALUES (13,'La Molina');
INSERT INTO Distrito(idDistrito,nombre) VALUES (14,'La Perla');
INSERT INTO Distrito(idDistrito,nombre) VALUES (15,'La Punta');
INSERT INTO Distrito(idDistrito,nombre) VALUES (16,'La Victoria');
INSERT INTO Distrito(idDistrito,nombre) VALUES (17,'Lince');
INSERT INTO Distrito(idDistrito,nombre) VALUES (18,'Los Olivos');
INSERT INTO Distrito(idDistrito,nombre) VALUES (19,'Magdalena del Mar');
INSERT INTO Distrito(idDistrito,nombre) VALUES (20,'Miraflores');
INSERT INTO Distrito(idDistrito,nombre) VALUES (21,'Pueblo Libre');
INSERT INTO Distrito(idDistrito,nombre) VALUES (22,'Puente Piedra');
INSERT INTO Distrito(idDistrito,nombre) VALUES (23,'Rimac');
INSERT INTO Distrito(idDistrito,nombre) VALUES (24,'San Borja');
INSERT INTO Distrito(idDistrito,nombre) VALUES (25,'San Isidro');
INSERT INTO Distrito(idDistrito,nombre) VALUES (26,'San Juan de Lurigancho');
INSERT INTO Distrito(idDistrito,nombre) VALUES (27,'San Juan de Miraflores');
INSERT INTO Distrito(idDistrito,nombre) VALUES (28,'San Luis');
INSERT INTO Distrito(idDistrito,nombre) VALUES (29,'San Martin de Porres');
INSERT INTO Distrito(idDistrito,nombre) VALUES (30,'San Miguel');
INSERT INTO Distrito(idDistrito,nombre) VALUES (31,'Santa Anita');
INSERT INTO Distrito(idDistrito,nombre) VALUES (32,'Santa Rosa');
INSERT INTO Distrito(idDistrito,nombre) VALUES (33,'Santiago de Surco');
INSERT INTO Distrito(idDistrito,nombre) VALUES (34,'Surquillo');
INSERT INTO Distrito(idDistrito,nombre) VALUES (35,'Ventanilla');
INSERT INTO Distrito(idDistrito,nombre) VALUES (36,'Villa El Savador');
INSERT INTO Distrito(idDistrito,nombre) VALUES (37,'Villa María del Triunfo');


INSERT INTO Feria(idFeria,Distrito_idDistrito,Estado_idEstado,fechaInicio,fechaFin,diasAtencion,direccion,horaApertura,horaCierre,logo,nombre,fechaAperturaCaja,fechaCierreCaja) VALUES (1,1,2,'2019-09-01','2019-09-01','LM-----','calle atenas','9:00:00','13:00:00','https://static.wixstatic.com/media/ca3438_d19b292fe67d48a9850302656b8968cb~mv2.jpg/v1/fill/w_190,h_190,al_c,q_80,usm_0.66_1.00_0.01/Untitled.jpg','Agroferia de Ate','2019-09-01','2019-09-01');
INSERT INTO Feria(idFeria,Distrito_idDistrito,Estado_idEstado,fechaInicio,fechaFin,diasAtencion,direccion,horaApertura,horaCierre,logo,nombre,fechaAperturaCaja,fechaCierreCaja) VALUES (2,2,3,'2019-09-10','2019-09-10','----V--','Av universitaria','10:00:00','15:00:00','https://static.wixstatic.com/media/ca3438_d19b292fe67d48a9850302656b8968cb~mv2.jpg/v1/fill/w_190,h_190,al_c,q_80,usm_0.66_1.00_0.01/Untitled.jpg','Agroferia de Barranco','2019-09-10','2019-09-10');
INSERT INTO Feria(idFeria,Distrito_idDistrito,Estado_idEstado,fechaInicio,fechaFin,diasAtencion,direccion,horaApertura,horaCierre,logo,nombre,fechaAperturaCaja,fechaCierreCaja) VALUES (3,3,3,'2019-08-15','2019-08-15','LMM----','Av La marina','10:00:00','15:00:00','https://static.wixstatic.com/media/ca3438_d19b292fe67d48a9850302656b8968cb~mv2.jpg/v1/fill/w_190,h_190,al_c,q_80,usm_0.66_1.00_0.01/Untitled.jpg','Agroferia de Bellavista','2019-08-15','2019-08-15');
INSERT INTO Feria(idFeria,Distrito_idDistrito,Estado_idEstado,fechaInicio,fechaFin,diasAtencion,direccion,horaApertura,horaCierre,logo,nombre,fechaAperturaCaja,fechaCierreCaja) VALUES (4,4,3,'2019-07-05','2019-07-05','---J---','Av. Universitaria','9:30:00','16:00:00','https://static.wixstatic.com/media/ca3438_d19b292fe67d48a9850302656b8968cb~mv2.jpg/v1/fill/w_190,h_190,al_c,q_80,usm_0.66_1.00_0.01/Untitled.jpg','Agroferia de Breña','2019-07-05','2019-07-05');
INSERT INTO Feria(idFeria,Distrito_idDistrito,Estado_idEstado,fechaInicio,fechaFin,diasAtencion,direccion,horaApertura,horaCierre,logo,nombre,fechaAperturaCaja,fechaCierreCaja) VALUES (5,19,2,'2019-10-04','2019-12-21','----VSD','Av Brasil','9:30:00','15:00:00','https://static.wixstatic.com/media/ca3438_d19b292fe67d48a9850302656b8968cb~mv2.jpg/v1/fill/w_190,h_190,al_c,q_80,usm_0.66_1.00_0.01/Untitled.jpg','Agroferia de Magdalena','2019-10-04','2019-12-21');
INSERT INTO Feria(idFeria,Distrito_idDistrito,Estado_idEstado,fechaInicio,fechaFin,diasAtencion,direccion,horaApertura,horaCierre,logo,nombre,fechaAperturaCaja,fechaCierreCaja) VALUES (6,24,2,'2019-10-04','2019-12-31','L-M-V--','Av San Borja Sur','10:00:00','16:00:00','https://static.wixstatic.com/media/ca3438_d19b292fe67d48a9850302656b8968cb~mv2.jpg/v1/fill/w_190,h_190,al_c,q_80,usm_0.66_1.00_0.01/Untitled.jpg','Agroferia de San Borja','2019-10-04','2019-12-31');
